ticker,price,avg_volume,name,gics_sector,sector_etf,in_sp500
NVDA,167.52,174662902,Nvidia,Information Technology,XLK,True
INTC,43.13,79025220,Intel,Information Technology,XLK,True
SMCI,21.97,67517415,Supermicro,Information Technology,XLK,True
TSLA,361.83,61185808,"Tesla, Inc.",Consumer Discretionary,XLY,True
MU,357.22,50927193,Micron Technology,Information Technology,XLK,True
PLTR,143.06,46010903,Palantir Technologies,Information Technology,XLK,True
AMZN,199.34,43498137,Amazon,Consumer Discretionary,XLY,True
AAPL,248.8,40499514,Apple Inc.,Information Technology,XLK,True
NFLX,93.43,39287833,Netflix,Communication Services,XLC,True
AMD,201.99,36929741,Advanced Micro Devices,Information Technology,XLK,True
T,29.1,36374244,AT&T,Communication Services,XLC,True
MSFT,356.77,35579524,Microsoft,Information Technology,XLK,True
PFE,27.04,34794927,Pfizer,Health Care,XLV,True
BAC,46.97,34585058,Bank of America,Financials,XLF,True
GOOGL,274.34,34044819,Alphabet Inc. (Class A),Communication Services,XLC,True
F,11.37,33865418,Ford Motor Company,Consumer Discretionary,XLY,True
CCL,24.19,29137335,Carnival,Consumer Discretionary,XLY,True
HPE,23.94,28007208,Hewlett Packard Enterprise,Information Technology,XLK,True
HOOD,66.02,26836115,Robinhood Markets,Financials,XLF,True
WBD,27.07,26708311,Warner Bros. Discovery,Communication Services,XLC,True
GOOG,273.76,25360908,Alphabet Inc. (Class C),Communication Services,XLC,True
CMCSA,28.33,24620806,Comcast,Communication Services,XLC,True
HBAN,15.08,24367851,Huntington Bancshares,Financials,XLF,True
VZ,50.31,23095717,Verizon,Communication Services,XLC,True
XOM,170.99,22686506,ExxonMobil,Energy,XLE,True
CSCO,79.92,22675417,Cisco,Information Technology,XLK,True
PCG,17.17,22206680,PG&E Corporation,Utilities,XLU,True
AVGO,300.68,21868210,Broadcom,Information Technology,XLK,True
SLB,53.5,20644697,Schlumberger,Energy,XLE,True
META,525.72,20343577,Meta Platforms,Communication Services,XLC,True
ORCL,139.66,19853224,Oracle Corporation,Information Technology,XLK,True
NCLH,18.49,18977518,Norwegian Cruise Line Holdings,Consumer Discretionary,XLY,True
SNDK,615.83,18696949,Sandisk,Information Technology,XLK,True
HPQ,19.44,18468995,HP Inc.,Information Technology,XLK,True
OXY,65.32,18169955,Occidental Petroleum,Energy,XLE,True
TTD,21.28,18075774,Trade Desk (The),Communication Services,XLC,True
WMT,122.89,17797915,Walmart,Consumer Staples,XLP,True
PYPL,43.59,17548457,PayPal,Financials,XLF,True
KVUE,17.52,17402292,Kenvue,Consumer Staples,XLP,True
FCX,56.24,16532718,Freeport-McMoRan,Materials,XLB,True
KHC,22.04,16338185,Kraft Heinz,Consumer Staples,XLP,True
WFC,77.19,16135318,Wells Fargo,Financials,XLF,True
RF,25.16,15827038,Regions Financial Corporation,Financials,XLF,True
C,107.38,15557221,Citigroup,Financials,XLF,True
DVN,52.07,15248353,Devon Energy,Energy,XLE,True
KMI,34.03,15230848,Kinder Morgan,Energy,XLE,True
CAG,15.62,14829080,Conagra Brands,Consumer Staples,XLP,True
AES,14.0,14698905,AES Corporation,Utilities,XLU,True
NOW,99.41,14320591,ServiceNow,Information Technology,XLK,True
KO,75.71,13835428,Coca-Cola Company (The),Consumer Staples,XLP,True
HAL,40.42,13673981,Halliburton,Energy,XLE,True
DAL,64.83,13540551,Delta Air Lines,Industrials,XLI,True
CMG,30.86,13315079,Chipotle Mexican Grill,Consumer Discretionary,XLY,True
UBER,69.18,13277359,Uber,Industrials,XLI,True
CVX,211.15,13252498,Chevron Corporation,Energy,XLE,True
GLW,136.81,13230370,Corning Inc.,Information Technology,XLK,True
NKE,51.37,13197859,"Nike, Inc.",Consumer Discretionary,XLY,True
CRM,179.31,13058476,Salesforce,Information Technology,XLK,True
COIN,161.14,13045967,Coinbase,Financials,XLF,True
DOW,40.82,12805948,Dow Inc.,Materials,XLB,True
BSX,69.17,12217119,Boston Scientific,Health Care,XLV,True
MOS,25.0,11815582,Mosaic Company (The),Materials,XLB,True
NEM,102.1,11803769,Newmont,Materials,XLB,True
KEY,19.45,11588788,KeyCorp,Financials,XLF,True
CSX,39.67,11565388,CSX Corporation,Industrials,XLI,True
DELL,171.81,11239444,Dell Technologies,Information Technology,XLK,True
APA,44.39,11186472,APA Corporation,Energy,XLE,True
MDLZ,58.27,10726253,Mondelez International,Consumer Staples,XLP,True
CPB,21.99,10711340,Campbell's Company (The),Consumer Staples,XLP,True
GIS,36.45,10105836,General Mills,Consumer Staples,XLP,True
JPM,282.84,10083176,JPMorgan Chase,Financials,XLF,True
BF-B,27.19,10075719,Brown–Forman,Consumer Staples,XLP,True
USB,50.85,10017679,U.S. Bancorp,Financials,XLF,True
KDP,26.23,9940318,Keurig Dr Pepper,Consumer Staples,XLP,True
PSKY,8.79,9744094,Paramount Skydance Corporation,Communication Services,XLC,True
FITB,44.54,9728566,Fifth Third Bancorp,Financials,XLF,True
DIS,92.42,9627650,Walt Disney Company (The),Communication Services,XLC,True
QCOM,127.11,9470824,Qualcomm,Information Technology,XLK,True
LRCX,211.41,9427799,Lam Research,Information Technology,XLK,True
BKR,63.22,9326233,Baker Hughes,Energy,XLE,True
COP,133.8,9170425,ConocoPhillips,Energy,XLE,True
BMY,58.54,9112204,Bristol Myers Squibb,Health Care,XLV,True
TFC,44.53,9057189,Truist Financial,Financials,XLF,True
APH,123.62,9042800,Amphenol,Information Technology,XLK,True
EL,67.23,8959677,Estée Lauder Companies (The),Consumer Staples,XLP,True
HST,18.84,8951643,Host Hotels & Resorts,Real Estate,XLRE,True
PG,142.71,8696589,Procter & Gamble,Consumer Staples,XLP,True
MO,66.48,8678009,Altria,Consumer Staples,XLP,True
ABT,103.99,8664089,Abbott Laboratories,Health Care,XLV,True
CTRA,36.31,8645242,Coterra,Energy,XLE,True
BAX,15.97,8522184,Baxter International,Health Care,XLV,True
MDT,87.14,8357359,Medtronic,Health Care,XLV,True
VICI,26.61,8138746,Vici Properties,Real Estate,XLRE,True
WDC,275.34,8077499,Western Digital,Information Technology,XLK,True
UNH,259.02,8024983,UnitedHealth Group,Health Care,XLV,True
NEE,91.4,7987196,NextEra Energy,Utilities,XLU,True
EQT,67.55,7927498,EQT Corporation,Energy,XLE,True
CNC,32.0,7913388,Centene Corporation,Health Care,XLV,True
SATS,115.21,7905978,EchoStar,Communication Services,XLC,True
DOC,16.59,7889506,Healthpeak Properties,Real Estate,XLRE,True
MRK,119.63,7863095,Merck & Co.,Health Care,XLV,True
UAL,88.44,7791122,United Airlines Holdings,Industrials,XLI,True
MCHP,62.0,7759756,Microchip Technology,Information Technology,XLK,True
SBUX,86.81,7757170,Starbucks,Consumer Discretionary,XLY,True
INVH,24.47,7645456,Invitation Homes,Real Estate,XLRE,True
PANW,147.02,7630218,Palo Alto Networks,Information Technology,XLK,True
CPRT,32.43,7624510,Copart,Industrials,XLI,True
BX,108.07,7603131,Blackstone Inc.,Financials,XLF,True
CARR,54.25,7389633,Carrier Global,Industrials,XLI,True
GM,72.98,7341951,General Motors,Consumer Discretionary,XLY,True
SCHW,92.36,7215400,Charles Schwab Corporation,Financials,XLF,True
COHR,243.48,7009956,Coherent Corp.,Information Technology,XLK,True
V,295.52,7001952,Visa Inc.,Financials,XLF,True
GEN,18.34,6899903,Gen Digital,Information Technology,XLK,True
FIS,46.89,6899614,Fidelity National Information Services,Financials,XLF,True
IP,35.45,6778107,International Paper,Materials,XLB,True
JNJ,240.45,6752070,Johnson & Johnson,Health Care,XLV,True
SW,39.41,6738445,Smurfit Westrock,Materials,XLB,True
VTRS,13.05,6717774,Viatris,Health Care,XLV,True
LUV,37.36,6652637,Southwest Airlines,Industrials,XLI,True
AMAT,337.17,6632664,Applied Materials,Information Technology,XLK,True
VRT,251.07,6631168,Vertiv,Industrials,XLI,True
KKR,88.5,6617700,KKR & Co.,Financials,XLF,True
MS,158.39,6602368,Morgan Stanley,Financials,XLF,True
EXC,48.32,6511112,Exelon,Utilities,XLU,True
ON,58.35,6457182,ON Semiconductor,Information Technology,XLK,True
CVS,70.08,6455549,CVS Health,Health Care,XLV,True
ANET,120.77,6375099,Arista Networks,Information Technology,XLK,True
FISV,53.9,6273363,Fiserv,Financials,XLF,True
ORLY,90.11,6243054,O’Reilly Automotive,Consumer Discretionary,XLY,True
TXN,190.33,6209168,Texas Instruments,Information Technology,XLK,True
LITE,702.73,6141435,Lumentum,Information Technology,XLK,True
PPL,37.65,6112620,PPL Corporation,Utilities,XLU,True
FTNT,78.2,6089783,Fortinet,Information Technology,XLK,True
PEP,153.04,5975121,PepsiCo,Consumer Staples,XLP,True
KR,73.22,5925148,Kroger,Consumer Staples,XLP,True
BBY,62.98,5922824,Best Buy,Consumer Discretionary,XLY,True
APO,108.42,5845169,Apollo Global Management,Financials,XLF,True
GILD,134.25,5813514,Gilead Sciences,Health Care,XLV,True
ABBV,209.4,5810473,AbbVie,Health Care,XLV,True
LYB,80.45,5770609,LyondellBasell,Materials,XLB,True
CL,84.29,5755704,Colgate-Palmolive,Consumer Staples,XLP,True
CSGP,39.77,5753110,CoStar Group,Real Estate,XLRE,True
BA,190.52,5566635,Boeing,Industrials,XLI,True
IBKR,64.2,5557554,Interactive Brokers,Financials,XLF,True
FAST,44.95,5554028,Fastenal,Industrials,XLI,True
CRH,101.74,5496815,CRH plc,Materials,XLB,True
TSCO,44.87,5465902,Tractor Supply,Consumer Discretionary,XLY,True
AMCR,38.62,5419851,Amcor,Materials,XLB,True
PAYX,91.68,5398875,Paychex,Industrials,XLI,True
AKAM,114.5,5359664,Akamai Technologies,Information Technology,XLK,True
BEN,22.75,5240082,Franklin Resources,Financials,XLF,True
O,60.69,5236921,Realty Income,Real Estate,XLRE,True
MRNA,49.56,5232717,Moderna,Health Care,XLV,True
XYZ,55.98,5191463,"Block, Inc.",Financials,XLF,True
WMB,73.58,5151802,Williams Companies,Energy,XLE,True
CF,136.45,5137817,CF Industries,Materials,XLB,True
EBAY,87.98,5136416,eBay Inc.,Consumer Discretionary,XLY,True
TMUS,210.82,5103858,T-Mobile US,Communication Services,XLC,True
TGT,119.84,5027881,Target Corporation,Consumer Staples,XLP,True
GE,282.81,5023970,GE Aerospace,Industrials,XLI,True
MGM,36.32,4969954,MGM Resorts,Consumer Discretionary,XLY,True
ADBE,234.84,4962921,Adobe Inc.,Information Technology,XLK,True
UPS,94.8,4938455,United Parcel Service,Industrials,XLI,True
EXE,113.5,4929954,Expand Energy,Energy,XLE,True
ACN,192.6,4823299,Accenture,Information Technology,XLK,True
KIM,22.22,4797359,Kimco Realty,Real Estate,XLRE,True
WDAY,124.18,4764315,"Workday, Inc.",Information Technology,XLK,True
BRO,63.43,4751791,Brown & Brown,Financials,XLF,True
WY,23.86,4713363,Weyerhaeuser,Real Estate,XLRE,True
COF,176.1,4646076,Capital One,Financials,XLF,True
OKE,93.96,4637729,Oneok,Energy,XLE,True
EW,79.34,4449795,Edwards Lifesciences,Health Care,XLV,True
BRK-B,468.49,4379860,Berkshire Hathaway,Financials,XLF,True
APP,381.2,4379772,AppLovin,Information Technology,XLK,True
RTX,189.71,4349620,RTX Corporation,Industrials,XLI,True
MNST,71.83,4340691,Monster Beverage,Consumer Staples,XLP,True
VST,155.48,4266093,Vistra Corp.,Utilities,XLU,True
HD,321.65,4237459,Home Depot (The),Consumer Discretionary,XLY,True
OMC,73.82,4228279,Omnicom Group,Communication Services,XLC,True
GEHC,69.23,4172217,GE HealthCare,Health Care,XLV,True
DDOG,114.48,4136712,Datadog,Information Technology,XLK,True
KMB,98.66,4118335,Kimberly-Clark,Consumer Staples,XLP,True
SO,95.55,4107128,Southern Company,Utilities,XLU,True
AIG,72.95,4103884,American International Group,Financials,XLF,True
EOG,149.56,4092284,EOG Resources,Energy,XLE,True
DHR,181.52,4090792,Danaher Corporation,Health Care,XLV,True
IVZ,23.2,4087785,Invesco,Financials,XLF,True
DASH,146.6,4084577,DoorDash,Consumer Discretionary,XLY,True
MKC,53.07,4057669,McCormick & Company,Consumer Staples,XLP,True
VLO,254.32,4042819,Valero Energy,Energy,XLE,True
XEL,78.09,4023820,Xcel Energy,Utilities,XLU,True
CTVA,81.99,4021798,Corteva,Materials,XLB,True
IBM,236.34,4018724,IBM,Information Technology,XLK,True
CNP,42.38,3988582,CenterPoint Energy,Utilities,XLU,True
FE,50.03,3942514,FirstEnergy,Utilities,XLU,True
HON,223.12,3915555,Honeywell,Industrials,XLI,True
HRL,23.07,3907550,Hormel Foods,Consumer Staples,XLP,True
DD,45.26,3880782,DuPont,Materials,XLB,True
CFG,57.78,3848543,Citizens Financial Group,Financials,XLF,True
CTSH,59.73,3839419,Cognizant,Information Technology,XLK,True
TJX,155.12,3832451,TJX Companies,Consumer Discretionary,XLY,True
NWSA,24.24,3792546,News Corp (Class A),Communication Services,XLC,True
DUK,129.99,3775629,Duke Energy,Utilities,XLU,True
CRWD,369.58,3764990,CrowdStrike,Information Technology,XLK,True
ZTS,113.35,3716932,Zoetis,Health Care,XLV,True
ETR,109.88,3715833,Entergy,Utilities,XLU,True
D,60.88,3685275,Dominion Energy,Utilities,XLU,True
AMT,169.52,3657158,American Tower,Real Estate,XLRE,True
AEP,130.1,3656255,American Electric Power,Utilities,XLU,True
PM,163.54,3562533,Philip Morris International,Consumer Staples,XLP,True
LVS,51.69,3528426,Las Vegas Sands,Consumer Discretionary,XLY,True
ADM,72.23,3512411,Archer Daniels Midland,Consumer Staples,XLP,True
DG,117.16,3449285,Dollar General,Consumer Staples,XLP,True
PLD,128.9,3425581,Prologis,Real Estate,XLRE,True
ABNB,122.87,3404633,Airbnb,Consumer Discretionary,XLY,True
STX,380.07,3403227,Seagate Technology,Information Technology,XLK,True
OTIS,75.95,3384307,Otis Worldwide,Industrials,XLI,True
DXCM,62.25,3372556,Dexcom,Health Care,XLV,True
FANG,201.84,3351203,Diamondback Energy,Energy,XLE,True
PSX,188.28,3339114,Phillips 66,Energy,XLE,True
ADI,307.44,3311236,Analog Devices,Information Technology,XLK,True
ADP,201.25,3292614,Automatic Data Processing,Industrials,XLI,True
SYF,65.36,3232534,Synchrony Financial,Financials,XLF,True
CCI,78.59,3217227,Crown Castle,Real Estate,XLRE,True
UDR,33.58,3214610,"UDR, Inc.",Real Estate,XLRE,True
EMR,125.4,3200184,Emerson Electric,Industrials,XLI,True
SRE,95.88,3181552,Sempra,Utilities,XLU,True
AXP,292.27,3165611,American Express,Financials,XLF,True
FOXA,59.11,3158935,Fox Corporation (Class A),Communication Services,XLC,True
CIEN,401.61,3158925,Ciena,Information Technology,XLK,True
TER,295.61,3140576,Teradyne,Information Technology,XLK,True
ICE,152.67,3102637,Intercontinental Exchange,Financials,XLF,True
MRSH,169.17,3099453,Marsh McLennan,Financials,XLF,True
MMM,143.04,3064037,3M,Industrials,XLI,True
BK,114.66,3061094,BNY Mellon,Financials,XLF,True
MET,67.7,3050698,MetLife,Financials,XLF,True
JCI,131.29,3017038,Johnson Controls,Industrials,XLI,True
MCD,305.9,2989369,McDonald's,Consumer Discretionary,XLY,True
ARES,106.28,2978665,Ares Management,Financials,XLF,True
MA,484.24,2966517,Mastercard,Financials,XLF,True
CTAS,165.71,2905140,Cintas,Industrials,XLI,True
GPN,65.9,2903605,Global Payments,Financials,XLF,True
NI,45.97,2889547,NiSource,Utilities,XLU,True
PEG,80.71,2866627,Public Service Enterprise Group,Utilities,XLU,True
DLTR,107.0,2852525,Dollar Tree,Consumer Staples,XLP,True
GEV,853.16,2848040,GE Vernova,Industrials,XLI,True
SWKS,53.65,2836486,Skyworks Solutions,Information Technology,XLK,True
CVNA,302.04,2830822,Carvana,Consumer Discretionary,XLY,True
LEN,90.25,2807822,Lennar,Consumer Discretionary,XLY,True
ROST,211.69,2796350,Ross Stores,Consumer Discretionary,XLY,True
PGR,198.84,2786563,Progressive Corporation,Financials,XLF,True
DHI,134.19,2762291,D. R. Horton,Consumer Discretionary,XLY,True
LULU,145.85,2712525,Lululemon Athletica,Consumer Discretionary,XLY,True
TSN,63.92,2709561,Tyson Foods,Consumer Staples,XLP,True
WELL,195.77,2678580,Welltower,Real Estate,XLRE,True
TROW,88.45,2661762,T. Rowe Price,Financials,XLF,True
LIN,491.12,2653265,Linde plc,Materials,XLB,True
SYY,81.8,2623181,Sysco,Consumer Staples,XLP,True
CDNS,271.77,2615519,Cadence Design Systems,Information Technology,XLK,True
INTU,416.44,2598643,Intuit,Information Technology,XLK,True
AFL,106.41,2588076,Aflac,Financials,XLF,True
CEG,301.49,2579987,Constellation Energy,Utilities,XLU,True
ES,67.59,2573137,Eversource Energy,Utilities,XLU,True
EQR,58.75,2563708,Equity Residential,Real Estate,XLRE,True
VTR,81.91,2562076,Ventas,Real Estate,XLRE,True
HOLX,75.67,2545277,Hologic,Health Care,XLV,True
MPC,251.91,2514595,Marathon Petroleum,Energy,XLE,True
TAP,43.4,2488812,Molson Coors Beverage Company,Consumer Staples,XLP,True
LOW,230.31,2486979,Lowe's,Consumer Discretionary,XLY,True
PCAR,112.75,2481556,Paccar,Industrials,XLI,True
EIX,70.3,2460752,Edison International,Utilities,XLU,True
EA,202.01,2400917,Electronic Arts,Communication Services,XLC,True
ROL,52.46,2378869,"Rollins, Inc.",Industrials,XLI,True
UNP,238.79,2374659,Union Pacific Corporation,Industrials,XLI,True
LLY,878.24,2371234,Lilly (Eli),Health Care,XLV,True
NDAQ,81.48,2366187,"Nasdaq, Inc.",Financials,XLF,True
GPC,105.02,2365345,Genuine Parts Company,Consumer Discretionary,XLY,True
PPG,103.82,2339414,PPG Industries,Materials,XLB,True
ETN,357.36,2313973,Eaton Corporation,Industrials,XLI,True
DECK,94.05,2301188,Deckers Brands,Consumer Discretionary,XLY,True
LYV,145.71,2283690,Live Nation Entertainment,Communication Services,XLC,True
VLTO,85.03,2269403,Veralto,Industrials,XLI,True
NXPI,191.66,2244308,NXP Semiconductors,Information Technology,XLK,True
SPGI,406.24,2242127,S&P Global,Financials,XLF,True
CMS,76.21,2238999,CMS Energy,Utilities,XLU,True
IR,79.45,2229216,Ingersoll Rand,Industrials,XLI,True
RCL,261.8,2219037,Royal Caribbean Group,Consumer Discretionary,XLY,True
SNPS,380.47,2169139,Synopsys,Information Technology,XLK,True
AMGN,348.77,2157981,Amgen,Health Care,XLV,True
FTV,53.92,2148116,Fortive,Industrials,XLI,True
WRB,64.74,2135712,W. R. Berkley Corporation,Financials,XLF,True
CAT,695.4,2134119,Caterpillar Inc.,Industrials,XLI,True
ODFL,188.34,2128206,Old Dominion,Industrials,XLI,True
SYK,327.44,2100944,Stryker Corporation,Health Care,XLV,True
SPG,180.19,2088081,Simon Property Group,Real Estate,XLRE,True
PNC,202.39,2080633,PNC Financial Services,Financials,XLF,True
APTV,67.04,2075318,Aptiv,Consumer Discretionary,XLY,True
BALL,59.27,2071661,Ball Corporation,Materials,XLB,True
ADSK,229.84,2053639,Autodesk,Information Technology,XLK,True
MAS,59.5,2049541,Masco,Industrials,XLI,True
CME,293.78,2016293,CME Group,Financials,XLF,True
BDX,154.51,2008361,Becton Dickinson,Health Care,XLV,True
FDX,343.97,2006852,FedEx,Industrials,XLI,True
ALB,179.45,2006659,Albemarle Corporation,Materials,XLB,True
TEL,202.14,1999227,TE Connectivity,Information Technology,XLK,True
CLX,102.04,1982826,Clorox,Consumer Staples,XLP,True
TTWO,189.69,1961334,Take-Two Interactive,Communication Services,XLC,True
AJG,207.1,1960509,Arthur J. Gallagher & Co.,Financials,XLF,True
NTAP,102.34,1960316,NetApp,Information Technology,XLK,True
NRG,147.74,1960261,NRG Energy,Utilities,XLU,True
EFX,171.85,1942387,Equifax,Industrials,XLI,True
A,110.24,1916732,Agilent Technologies,Health Care,XLV,True
GDDY,79.97,1913724,GoDaddy,Information Technology,XLK,True
CHD,94.69,1908622,Church & Dwight,Consumer Staples,XLP,True
NWS,27.79,1901485,News Corp (Class B),Communication Services,XLC,True
LNT,70.52,1900039,Alliant Energy,Utilities,XLU,True
VRSK,182.75,1884038,Verisk Analytics,Industrials,XLI,True
ACGL,93.42,1874061,Arch Capital Group,Financials,XLF,True
XYL,117.55,1860897,Xylem Inc.,Industrials,XLI,True
GS,802.89,1846434,Goldman Sachs,Financials,XLF,True
WM,225.06,1835743,Waste Management,Industrials,XLI,True
FSLR,190.29,1835222,First Solar,Information Technology,XLK,True
CBRE,131.77,1831186,CBRE Group,Real Estate,XLRE,True
CAH,206.58,1824241,Cardinal Health,Health Care,XLV,True
STT,122.52,1778948,State Street Corporation,Financials,XLF,True
BR,157.42,1778578,Broadridge Financial Solutions,Industrials,XLI,True
Q,111.76,1778061,Qnity Electronics,Information Technology,XLK,True
PRU,93.29,1767764,Prudential Financial,Financials,XLF,True
ARE,46.04,1758140,Alexandria Real Estate Equities,Real Estate,XLRE,True
SHW,315.37,1747665,Sherwin-Williams,Materials,XLB,True
CI,261.96,1740413,Cigna,Health Care,XLV,True
TRMB,62.97,1738149,Trimble Inc.,Information Technology,XLK,True
ECL,261.37,1722027,Ecolab,Materials,XLB,True
ZBH,88.57,1720231,Zimmer Biomet,Health Care,XLV,True
HWM,227.9,1720027,Howmet Aerospace,Industrials,XLI,True
BXP,51.43,1715264,"BXP, Inc.",Real Estate,XLRE,True
BG,128.72,1713997,Bunge Global,Consumer Staples,XLP,True
TMO,473.36,1686769,Thermo Fisher Scientific,Health Care,XLV,True
COR,312.45,1684143,Cencora,Health Care,XLV,True
AWK,136.86,1668857,American Water Works,Utilities,XLU,True
TECH,50.95,1657782,Bio-Techne,Health Care,XLV,True
BLDR,80.43,1652860,Builders FirstSource,Industrials,XLI,True
EVRG,80.85,1642728,Evergy,Utilities,XLU,True
COO,69.77,1611969,Cooper Companies (The),Health Care,XLV,True
SJM,95.24,1605733,J.M. Smucker Company (The),Consumer Staples,XLP,True
STZ,151.4,1600755,Constellation Brands,Consumer Staples,XLP,True
ISRG,452.66,1594738,Intuitive Surgical,Health Care,XLV,True
ED,111.68,1592424,Consolidated Edison,Utilities,XLU,True
TPR,138.84,1591258,"Tapestry, Inc.",Consumer Discretionary,XLY,True
PNR,84.92,1590231,Pentair,Industrials,XLI,True
WEC,114.36,1582145,WEC Energy Group,Utilities,XLU,True
IFF,71.01,1581049,International Flavors & Fragrances,Materials,XLB,True
FOX,53.38,1575888,Fox Corporation (Class B),Communication Services,XLC,True
NUE,163.37,1550500,Nucor,Materials,XLB,True
YUM,153.96,1543603,Yum! Brands,Consumer Discretionary,XLY,True
CDW,118.17,1525186,CDW Corporation,Information Technology,XLK,True
GNRC,194.4,1513284,Generac,Industrials,XLI,True
HUM,169.09,1507674,Humana,Health Care,XLV,True
EXPE,225.81,1506240,Expedia Group,Consumer Discretionary,XLY,True
MAR,317.54,1471161,Marriott International,Consumer Discretionary,XLY,True
HSY,213.73,1460868,Hershey Company (The),Consumer Staples,XLP,True
HLT,294.04,1457988,Hilton Worldwide,Consumer Discretionary,XLY,True
IT,155.42,1454128,Gartner,Information Technology,XLK,True
SWK,68.82,1449233,Stanley Black & Decker,Industrials,XLI,True
PHM,114.63,1445863,PulteGroup,Consumer Discretionary,XLY,True
AOS,64.42,1411214,A. O. Smith,Industrials,XLI,True
CHRW,161.57,1406261,C.H. Robinson,Industrials,XLI,True
WYNN,96.59,1404958,Wynn Resorts,Consumer Discretionary,XLY,True
COST,983.86,1401291,Costco,Consumer Staples,XLP,True
CB,319.09,1375904,Chubb Limited,Financials,XLF,True
SOLV,62.76,1365065,Solventum,Health Care,XLV,True
DRI,192.49,1363715,Darden Restaurants,Consumer Discretionary,XLY,True
INCY,90.3,1346635,Incyte,Health Care,XLV,True
WSM,175.29,1343095,"Williams-Sonoma, Inc.",Consumer Discretionary,XLY,True
IQV,163.85,1332720,IQVIA,Health Care,XLV,True
VRTX,433.07,1329655,Vertex Pharmaceuticals,Health Care,XLV,True
LHX,343.0,1328573,L3Harris,Industrials,XLI,True
ELV,286.39,1325786,Elevance Health,Health Care,XLV,True
HIG,132.32,1297525,Hartford (The),Financials,XLF,True
TXT,87.47,1295001,Textron,Industrials,XLI,True
TT,410.23,1292401,Trane Technologies,Industrials,XLI,True
IRM,98.3,1291071,Iron Mountain,Real Estate,XLRE,True
KEYS,279.06,1290777,Keysight Technologies,Information Technology,XLK,True
RSG,215.83,1289911,Republic Services,Industrials,XLI,True
APD,292.19,1284213,Air Products,Materials,XLB,True
ITW,259.04,1282343,Illinois Tool Works,Industrials,XLI,True
TRGP,250.23,1279388,Targa Resources,Energy,XLE,True
DLR,175.42,1274566,Digital Realty,Real Estate,XLRE,True
STLD,170.97,1273243,Steel Dynamics,Materials,XLB,True
PFG,87.01,1272445,Principal Financial Group,Financials,XLF,True
CPT,96.96,1270406,Camden Property Trust,Real Estate,XLRE,True
HAS,88.59,1266161,Hasbro,Consumer Discretionary,XLY,True
ROP,344.42,1263163,Roper Technologies,Information Technology,XLK,True
GD,346.76,1255137,General Dynamics,Industrials,XLI,True
DE,566.64,1252997,Deere & Company,Industrials,XLI,True
NSC,283.25,1246273,Norfolk Southern,Industrials,XLI,True
PTC,137.61,1240323,PTC Inc.,Information Technology,XLK,True
VMC,261.46,1233702,Vulcan Materials Company,Materials,XLB,True
PWR,549.98,1222992,Quanta Services,Industrials,XLI,True
ALL,202.71,1211425,Allstate,Financials,XLF,True
CHTR,219.14,1199386,Charter Communications,Communication Services,XLC,True
MCO,424.84,1187821,Moody's Corporation,Financials,XLF,True
AEE,108.72,1180586,Ameren,Utilities,XLU,True
EXR,128.96,1176655,Extra Space Storage,Real Estate,XLRE,True
RJF,141.32,1173448,Raymond James Financial,Financials,XLF,True
PSA,266.01,1165082,Public Storage,Real Estate,XLRE,True
PNW,99.69,1161473,Pinnacle West Capital,Utilities,XLU,True
LMT,615.84,1147807,Lockheed Martin,Industrials,XLI,True
TRV,285.27,1144965,Travelers Companies (The),Financials,XLF,True
AON,313.66,1137695,Aon plc,Financials,XLF,True
JBL,261.1,1090304,Jabil,Information Technology,XLK,True
REG,74.3,1082902,Regency Centers,Real Estate,XLRE,True
EXPD,141.22,1078251,Expeditors International,Industrials,XLI,True
RMD,220.47,1069488,ResMed,Health Care,XLV,True
MSI,438.32,1068201,Motorola Solutions,Information Technology,XLK,True
HSIC,72.1,1047500,Henry Schein,Health Care,XLV,True
AME,209.24,1045015,Ametek,Industrials,XLI,True
ALGN,166.38,1022697,Align Technology,Health Care,XLV,True
DPZ,348.14,1010187,Domino's,Consumer Discretionary,XLY,True
DTE,144.47,1002205,DTE Energy,Utilities,XLU,True
CDE,17.13,69442609,COEUR MINING INC,,,False
MARA,8.02,56800018,MARA HOLDINGS INC,,,False
JBLU,4.22,45278469,JETBLUE AIRWAYS CORP,,,False
RIG,6.93,37053877,TRANSOCEAN LTD,,,False
IBRX,7.38,36916567,IMMUNITYBIO INC,,,False
WULF,14.89,29586792,TERAWULF INC,,,False
BBAI,3.14,26292446,BIGBEAR.AI HOLDINGS INC,,,False
CIFR,13.74,25118664,CIPHER DIGITAL INC,,,False
ACHR,5.09,24678490,ARCHER AVIATION INC CLASS A,,,False
RGTI,13.32,24607951,RIGETTI COMPUTING INC,,,False
ADMA,9.25,23426573,ADMA BIOLOGICS INC,,,False
TERN,52.92,23015631,TERNS PHARMACEUTICALS INC,,,False
HIMS,19.38,22880467,HIMS HERS HEALTH INC CLASS A,,,False
SATL,5.93,22637393,SATELLOGIC INC CLASS A,,,False
RDW,8.16,22187913,REDWIRE CORP,,,False
PL,30.86,21231904,PLANET LABS CLASS A,,,False
SOUN,5.9,20749446,SOUNDHOUND AI INC CLASS A,,,False
CLSK,8.66,20311034,CLEANSPARK INC,,,False
JOBY,8.1,20184724,JOBY AVIATION INC CLASS A,,,False
QBTS,13.9,18321033,D WAVE QUANTUM INC,,,False
LUNR,17.52,18253227,INTUITIVE MACHINES INC CLASS A,,,False
HL,17.93,17237577,HECLA MINING,,,False
RCAT,12.68,17092189,RED CAT HOLDINGS INC,,,False
IONQ,27.51,17041644,IONQ INC,,,False
NVTS,8.28,16964053,NAVITAS SEMICONDUCTOR CORP,,,False
SMR,10.3,16798662,NUSCALE POWER CORP CLASS A,,,False
RIOT,12.8,15563396,RIOT PLATFORMS INC,,,False
APLD,23.76,15531634,APPLIED DIGITAL CORP,,,False
PTON,4.43,15325387,PELOTON INTERACTIVE CLASS A INC,,,False
EOSE,4.86,14869201,EOS ENERGY ENTERPRISES INC CLASS A,,,False
WVE,6.36,14751909,WAVE LIFE SCIENCES LTD,,,False
COMP,7.08,13934448,COMPASS INC CLASS A,,,False
BULL,4.82,12056058,WEBULL CORP CLASS A,,,False
FSLY,27.43,12005069,FASTLY INC CLASS A,,,False
UAMY,8.75,11760833,UNITED STATES ANTIMONY CORP,,,False
AAOI,98.21,11216872,APPLIED OPTOELECTRONICS INC,,,False
USAR,15.42,10616696,USA RARE EARTH INC CLASS A,,,False
UUUU,17.61,10114045,ENERGY FUELS INC,,,False
BE,133.24,10009351,BLOOM ENERGY CLASS A CORP,,,False
PTEN,11.36,9664782,PATTERSON UTI ENERGY INC,,,False
TE,5.76,9550095,T1 ENERGY INC,,,False
IOVA,3.51,9465303,IOVANCE BIOTHERAPEUTICS INC,,,False
PGEN,3.67,9162391,PRECIGEN INC,,,False
QUBT,6.66,9047351,QUANTUM COMPUTING INC,,,False
CORZ,15.07,8963238,CORE SCIENTIFIC INC,,,False
BUR,4.14,8744900,BURFORD CAPITAL LTD,,,False
LBRT,29.04,8674413,LIBERTY ENERGY INC CLASS A,,,False
RCKT,3.77,8657342,ROCKET PHARMACEUTICALS INC,,,False
TALK,5.15,8640456,TALKSPACE INC,,,False
BORR,6.05,8556898,BORR DRILLING LTD,,,False
UEC,12.92,8451145,URANIUM ENERGY CORP,,,False
ZETA,14.55,8304670,ZETA GLOBAL HOLDINGS CORP CLASS A,,,False
NAVN,12.21,8186719,NAVAN INC CLASS A,,,False
LUMN,6.67,8167391,LUMEN TECHNOLOGIES INC,,,False
WTI,3.38,8107882,W AND T OFFSHORE INC,,,False
SLS,4.36,7957682,SELLAS LIFE SCIENCES GROUP INC,,,False
HTZ,4.6,7870821,HERTZ GLOBAL HLDGS INC,,,False
BCRX,9.33,7784739,BIOCRYST PHARMACEUTICALS INC,,,False
BTDR,8.37,7774420,BITDEER TECHNOLOGIES GROUP CLASS A,,,False
NEXT,8.13,7773899,NEXTDECADE CORP,,,False
GT,6.44,7672388,GOODYEAR TIRE & RUBBER,,,False
AMPX,16.12,7213662,AMPRIUS TECHNOLOGIES INC,,,False
OKLO,50.23,7124878,OKLO INC CLASS A,,,False
FLY,23.7,7054813,FIREFLY AEROSPACE INC,,,False
CRGY,13.7,7010673,CRESCENT ENERGY CLASS A,,,False
OSCR,11.14,6915916,OSCAR HEALTH INC CLASS A,,,False
VLY,11.95,6766665,VALLEY NATIONAL,,,False
BRZE,23.0,6729819,BRAZE INC CLASS A,,,False
ORC,6.87,6690358,ORCHID ISLAND CAPITAL INC,,,False
VIAV,34.64,6516870,VIAVI SOLUTIONS INC,,,False
RUN,12.6,6470032,SUNRUN INC,,,False
DX,12.17,6299833,DYNEX CAPITAL REIT INC,,,False
DOCN,81.42,6164524,DIGITALOCEAN HOLDINGS INC,,,False
SM,32.72,6078879,SM ENERGY,,,False
AEO,16.13,5824075,AMERICAN EAGLE OUTFITTERS INC,,,False
GENI,4.33,5777527,GENIUS SPORTS LTD,,,False
CRML,7.04,5762730,CRITICAL METALS CORP,,,False
CRDO,95.24,5716993,CREDO TECHNOLOGY GROUP HOLDING LTD,,,False
ASAN,6.17,5689068,ASANA INC CLASS A,,,False
TWO,11.22,5682141,TWO HARBORS INVESTMENT CORP,,,False
FLG,13.05,5678604,FLAGSTAR BANK NATIONAL ASSOCIATION,,,False
ASPI,4.37,5382674,ASP ISOTOPES INC,,,False
GO,7.07,5243180,GROCERY OUTLET HOLDING CORP,,,False
HUT,47.4,5133298,HUT CORP,,,False
ENVX,5.23,5029242,ENOVIX CORP,,,False
SOC,18.45,4955046,SABLE OFFSHORE CORP CLASS A,,,False
YEXT,3.96,4900075,YEXT INC,,,False
WT,13.9,4844385,WISDOMTREE INC,,,False
DHT,18.1,4824066,DHT HOLDINGS INC,,,False
AI,7.76,4805394,C3 AI INC CLASS A,,,False
INDI,3.19,4799603,INDIE SEMICONDUCTOR INC CLASS A,,,False
TRIP,10.11,4648774,TRIPADVISOR INC,,,False
ULCC,3.53,4634880,FRONTIER GROUP HOLDINGS INC,,,False
KSS,12.46,4631080,KOHLS CORP,,,False
FRSH,7.87,4626903,FRESHWORKS INC CLASS A,,,False
ERAS,14.97,4593013,ERASCA INC,,,False
NAT,5.66,4524693,NORDIC AMERICAN TANKERS LTD,,,False
PCT,5.28,4460000,PURECYCLE TECHNOLOGIES INC,,,False
CWAN,23.49,4418396,CLEARWATER ANALYTICS HOLDINGS INC,,,False
BFLY,3.92,4350156,BUTTERFLY NETWORK INC CLASS A,,,False
TDOC,5.14,4256479,TELADOC HEALTH INC,,,False
PBF,51.23,4216979,PBF ENERGY INC CLASS A,,,False
GPGI,16.06,4168243,GPGI INC CLASS A,,,False
UPST,24.77,4162296,UPSTART HOLDINGS INC,,,False
BTU,39.5,4154475,PEABODY ENERGY CORP,,,False
NG,8.19,4145018,NOVAGOLD RESOURCES INC,,,False
ARRY,7.33,4100146,ARRAY TECHNOLOGIES INC,,,False
KOD,37.0,4029473,KODIAK SCIENCES INC,,,False
BMBL,3.22,3863304,BUMBLE INC CLASS A,,,False
NTLA,12.37,3815217,INTELLIA THERAPEUTICS INC,,,False
DCH,5.61,3809017,DAUCH CORPORATION,,,False
GLNG,55.03,3796031,GOLAR LNG LTD,,,False
SSRM,26.45,3772840,SSR MINING INC,,,False
SHLS,6.62,3718369,SHOALS TECHNOLOGIES GROUP INC CLAS,,,False
STNE,13.46,3701035,STONECO LTD CLASS A,,,False
TROX,9.12,3671643,TRONOX HOLDINGS PLC,,,False
SG,4.7,3637403,SWEETGREEN INC CLASS A,,,False
NVAX,8.45,3621375,NOVAVAX INC,,,False
TIC,6.57,3592542,TIC SOLUTIONS INC,,,False
PAYS,5.62,3586814,PAYSIGN INC,,,False
KTOS,71.94,3574550,KRATOS DEFENSE AND SECURITY SOLUTI,,,False
COUR,5.51,3558635,COURSERA INC,,,False
OCUL,7.55,3472962,OCULAR THERAPEUTIX INC,,,False
EVLV,5.75,3452080,EVOLV TECHNOLOGIES HOLDINGS INC CL,,,False
FUBO,9.28,3439318,FUBOTV INC CLASS A,,,False
DRVN,12.6,3398728,DRIVEN BRANDS HOLDINGS INC,,,False
TSHA,4.07,3361223,TAYSHA GENE THERAPIES INC,,,False
VISN,17.95,3295619,VISTANCE NETWORKS INC,,,False
PAYO,4.78,3290635,PAYONEER GLOBAL INC,,,False
COCO,46.97,3275706,THE VITA COCO COMPANY INC,,,False
ABR,7.35,3273979,ARBOR REALTY TRUST REIT INC,,,False
UPWK,10.87,3266131,UPWORK INC,,,False
ARDX,5.48,3263791,ARDELYX INC,,,False
PGY,11.17,3256890,PAGAYA TECHNOLOGIES LTD CLASS A,,,False
ALT,3.02,3196317,ALTIMMUNE INC,,,False
NUVB,4.25,3191321,NUVATION BIO INC CLASS A,,,False
CWH,6.91,3162144,CAMPING WORLD HOLDINGS INC CLASS A,,,False
TALO,16.57,3160180,TALOS ENERGY INC,,,False
TNGX,19.26,3093303,TANGO THERAPEUTICS INC,,,False
SMTC,72.16,3085883,SEMTECH CORP,,,False
ASST,9.85,3083508,STRIVE INC CLASS A,,,False
FLNC,14.15,3056881,FLUENCE ENERGY INC CLASS A,,,False
DNLI,18.16,3034059,DENALI THERAPEUTICS INC,,,False
YOU,47.44,3023256,CLEAR SECURE INC CLASS A,,,False
CC,21.6,3017397,CHEMOURS,,,False
IE,10.87,3001270,IVANHOE ELECTRIC INC,,,False
REAL,8.57,2982678,THE REALREAL INC,,,False
TENB,16.54,2967502,TENABLE HOLDINGS INC,,,False
ONB,21.43,2966761,OLD NATIONAL BANCORP,,,False
ABUS,4.29,2962876,ARBUTUS BIOPHARMA CORP,,,False
BANC,16.89,2961187,BANC OF CALIFORNIA INC,,,False
GNW,7.99,2955249,GENWORTH FINANCIAL INC,,,False
MIR,17.89,2950759,MIRION TECHNOLOGIES INC CLASS A,,,False
MQ,3.99,2946314,MARQETA INC CLASS A,,,False
RELY,15.01,2915447,REMITLY GLOBAL INC,,,False
MUR,42.12,2904696,MURPHY OIL CORP,,,False
CTRE,37.13,2901768,CARETRUST REIT INC,,,False
DNOW,12.25,2894002,DNOW INC,,,False
DBRG,15.38,2880196,DIGITALBRIDGE GROUP INC CLASS A,,,False
NB,4.53,2878293,NIOCORP DEVELOPMENTS LTD,,,False
SERV,8.32,2846155,SERVE ROBOTICS INC,,,False
ARR,15.73,2812928,ARMOUR RESIDENTIAL REIT INC,,,False
FIGS,14.7,2797664,FIGS INC CLASS A,,,False
INDV,28.97,2792074,INDIVIOR PHARMACEUTICALS INC,,,False
PBI,10.87,2767588,PITNEY BOWES INC,,,False
BTSG,42.33,2762554,BRIGHTSPRING HEALTH SERVICES INC,,,False
LTH,25.94,2754656,LIFE TIME GROUP HOLDINGS INC,,,False
VITL,13.14,2720078,VITAL FARMS INC,,,False
SLDE,17.56,2714443,SLIDE INSURANCE HOLDINGS INC,,,False
BOX,23.07,2691814,BOX INC CLASS A,,,False
ACVA,4.15,2673763,ACV AUCTIONS INC CLASS A,,,False
ECVT,12.84,2671113,ECOVYST INC,,,False
ELVN,38.83,2661676,ENLIVEN THERAPEUTICS INC,,,False
PD,6.01,2631768,PAGERDUTY INC,,,False
TPH,46.69,2615914,TRI POINTE HOMES INC,,,False
BEAM,22.19,2613824,BEAM THERAPEUTICS INC,,,False
CXM,5.88,2613521,SPRINKLR INC CLASS A,,,False
CPRI,17.27,2599128,CAPRI HOLDINGS LTD,,,False
MAZE,30.38,2548464,MAZE THERAPEUTICS INC,,,False
IRT,14.76,2523640,INDEPENDENCE REALTY INC,,,False
VSCO,42.47,2519398,VICTORIA S SECRET,,,False
LZ,5.48,2515045,LEGALZOOM COM INC,,,False
VSTM,5.04,2500520,VERASTEM INC,,,False
PRME,3.38,2477791,PRIME MEDICINE INC,,,False
NOG,30.82,2464805,NORTHERN OIL AND GAS INC,,,False
LXU,16.3,2464453,LSB INDUSTRIES INC,,,False
BKD,13.82,2453967,BROOKDALE SENIOR LIVING INC,,,False
ALKS,29.39,2427119,ALKERMES,,,False
FLR,45.74,2426803,FLUOR CORP,,,False
PAGS,9.65,2424890,PAGSEGURO DIGITAL LTD CLASS A,,,False
DAWN,21.41,2420631,DAY ONE BIOPHARMACEUTICALS INC,,,False
WRBY,20.33,2409944,WARBY PARKER INC CLASS A,,,False
APLE,11.49,2403685,APPLE HOSPITALITY REIT INC,,,False
FOLD,14.41,2393449,AMICUS THERAPEUTICS INC,,,False
SFIX,3.33,2384230,STITCH FIX INC CLASS A,,,False
WLTH,8.81,2348002,WEALTHFRONT CORP,,,False
BLMN,5.26,2347781,BLOOMIN BRANDS INC,,,False
ARWR,57.78,2330179,ARROWHEAD PHARMACEUTICALS INC,,,False
RLAY,9.6,2324899,RELAY THERAPEUTICS INC,,,False
APGE,77.82,2322213,APOGEE THERAPEUTICS INC,,,False
NESR,21.51,2318266,NATIONAL ENERGY SERVICES REUNITED,,,False
METC,15.56,2298528,RAMACO RESOURCES INC CLASS A,,,False
AESI,13.22,2292571,ATLAS ENERGY SOLUTIONS INC,,,False
ANNX,5.0,2291213,ANNEXON INC,,,False
ACRS,3.52,2281720,ACLARIS THERAPEUTICS INC,,,False
ALHC,16.62,2281618,ALIGNMENT HEALTHCARE INC,,,False
VRNS,21.21,2275299,VARONIS SYSTEMS INC,,,False
ADPT,12.41,2269305,ADAPTIVE BIOTECHNOLOGIES CORP,,,False
ASB,24.87,2256396,ASSOCIATED BANCORP,,,False
ADTN,12.93,2246437,ADTRAN HOLDINGS INC,,,False
GEO,16.71,2236219,GEO GROUP INC,,,False
GTX,17.76,2214736,GARRETT MOTION INC,,,False
MGY,32.36,2207259,MAGNOLIA OIL GAS CORP CLASS A,,,False
WAY,23.54,2194694,WAYSTAR HOLDING CORP,,,False
TXG,19.48,2184037,10X GENOMICS INC CLASS A,,,False
VYX,6.19,2181217,NCR VOYIX CORP,,,False
MBC,8.28,2169479,MASTERBRAND INC,,,False
PLAY,9.81,2157881,DAVE AND BUSTERS ENTERTAINMENT INC,,,False
VRRM,13.88,2144273,VERRA MOBILITY CORP CLASS A,,,False
PEB,12.26,2141423,PEBBLEBROOK HOTEL TRUST REIT,,,False
BWIN,21.09,2124267,BALDWIN INSURANCE GROUP INC CLASS,,,False
LRMR,4.62,2121809,LARIMAR THERAPEUTICS INC,,,False
DEI,9.18,2118600,DOUGLAS EMMETT REIT INC,,,False
BGC,9.4,2117254,BGC GROUP INC CLASS A,,,False
DNUT,3.23,2111998,KRISPY KREME INC,,,False
NWBI,12.42,2100872,NORTHWEST BANCSHARES INC,,,False
PUMP,14.69,2097010,PROPETRO HOLDING CORP,,,False
DYN,17.14,2090738,DYNE THERAPEUTICS INC,,,False
NEOG,8.7,2084365,NEOGEN CORP,,,False
FWRG,10.31,2083328,FIRST WATCH RESTAURANT GROUP INC,,,False
SPRY,8.07,2081167,ARS PHARMACEUTICALS INC,,,False
NMRK,14.3,2080322,NEWMARK GROUP INC CLASS A,,,False
EBC,19.01,2067635,EASTERN BANKSHARES INC,,,False
FIVN,14.43,2052343,FIVE9 INC,,,False
LENZ,8.4,2046013,LENZ THERAPEUTICS INC,,,False
SEI,57.83,2034813,SOLARIS OILFIELD INFRASTRUCTURE IN,,,False
CRK,23.43,2022873,COMSTOCK RESOURCES INC,,,False
XERS,5.4,2021320,XERIS BIOPHARMA HOLDINGS INC,,,False
QDEL,14.78,2017291,QUIDELORTHO CORP,,,False
SBRA,19.61,2009367,SABRA HEALTH CARE REIT INC,,,False
GNL,9.17,2007975,GLOBAL NET LEASE INC,,,False
IVR,7.71,1998825,INVESCO MORTGAGE CAPITAL REIT INC,,,False
ATEC,10.93,1993988,ALPHATEC HOLDNGS INC,,,False
CENX,49.65,1991369,CENTURY ALUMINUM,,,False
TDAY,6.79,1983394,USA TODAY INC,,,False
RPD,5.27,1977420,RAPID7 INC,,,False
AHR,47.13,1975719,AMERICAN HEALTHCARE REIT INC,,,False
BGS,5.21,1971847,B AND G FOODS INC,,,False
UTZ,7.41,1967631,UTZ BRANDS INC CLASS A,,,False
VIR,8.4,1960083,VIR BIOTECHNOLOGY INC,,,False
BIPC,37.76,1947585,BROOKFIELD INFRASTRUCTURE CORP CLA,,,False
BXMT,18.85,1942718,BLACKSTONE MORTGAGE TRUST REIT CLA,,,False
COGT,36.1,1939495,COGENT BIOSCIENCES INC,,,False
AHRT,5.15,1937645,AH REALTY INC,,,False
RES,7.32,1935184,RPC INC,,,False
CYTK,62.5,1922063,CYTOKINETICS INC,,,False
DRH,9.32,1910427,DIAMONDROCK HOSPITALITY,,,False
EPRT,30.38,1909833,ESSENTIAL PROPERTIES REALTY TRUST,,,False
LFST,6.32,1901743,LIFESTANCE HEALTH GROUP INC,,,False
SMPL,14.35,1897624,THE SIMPLY GOOD FOODS COMPANY,,,False
PSNL,6.34,1896966,PERSONALIS INC,,,False
MAC,18.33,1893636,MACERICH REIT,,,False
HE,14.67,1892735,HAWAIIAN ELECTRIC INDUSTRIES INC,,,False
BKSY,23.29,1879500,BLACKSKY TECHNOLOGY INC CLASS A,,,False
FULT,19.68,1875929,FULTON FINANCIAL CORP,,,False
RUM,4.71,1875347,RUMBLE INC CLASS A,,,False
TNDM,21.0,1842823,TANDEM DIABETES CARE INC,,,False
DC,4.56,1834812,DAKOTA GOLD CORP,,,False
TDUP,3.18,1829669,THREDUP INC CLASS A,,,False
GH,84.61,1827186,GUARDANT HEALTH INC,,,False
GDYN,5.52,1827073,GRID DYNAMICS HOLDINGS INC CLASS A,,,False
AMRX,11.85,1826689,AMNEAL PHARMACEUTICALS INC CLASS A,,,False
OI,10.25,1824805,O I GLASS INC,,,False
MCW,6.97,1823285,MISTER CAR WASH INC,,,False
RSI,20.98,1821308,RUSH STREET INTERACTIVE INC CLASS,,,False
NXT,120.03,1818499,NEXTPOWER INC CLASS A,,,False
SXC,6.64,1817237,SUNCOKE ENERGY INC,,,False
LMRI,7.79,1812884,LUMEXA IMAGING HOLDINGS INC,,,False
KBH,50.91,1811453,KB HOME,,,False
TTMI,95.47,1808600,TTM TECHNOLOGIES INC,,,False
CALY,13.5,1804757,CALLAWAY GOLF COMPANY,,,False
EGY,6.44,1797627,VAALCO ENERGY INC,,,False
TGTX,31.75,1779918,TG THERAPEUTICS INC,,,False
OUST,17.66,1765564,OUSTER INC,,,False
GTLS,206.72,1758115,CHART INDUSTRIES INC,,,False
DEC,18.16,1756161,DIVERSIFIED ENERGY COMPANY,,,False
ACDC,6.63,1750250,PROFRAC HOLDING CLASS A CORP,,,False
BHVN,8.37,1740452,BIOHAVEN LTD,,,False
RWT,5.29,1739857,REDWOOD TRUST REIT INC,,,False
GPRE,16.89,1735796,GREEN PLAINS INC,,,False
FORM,97.93,1734626,FORMFACTOR INC,,,False
CNX,40.58,1729408,CNX RESOURCES CORP,,,False
SGHC,10.43,1725694,SUPER GROUP LTD,,,False
MGNI,11.65,1718292,MAGNITE INC,,,False
KREF,6.1,1715841,KKR REAL ESTATE FINANCE INC TRUST,,,False
CXW,19.44,1708571,CORECIVIC REIT INC,,,False
PARR,65.67,1705846,PAR PACIFIC HOLDINGS INC,,,False
SRRK,42.6,1698822,SCHOLAR ROCK HOLDING CORP,,,False
GOGO,4.31,1697316,GOGO INC,,,False
GLDD,16.97,1697284,GREAT LAKES DREDGE AND DOCK CORP,,,False
SVRA,5.14,1694350,SAVARA INC,,,False
MLKN,15.02,1691643,MILLERKNOLL INC,,,False
URBN,61.21,1686390,URBAN OUTFITTERS INC,,,False
TSSI,11.7,1677389,TSS INC,,,False
ACAD,20.75,1674525,ACADIA PHARMACEUTICALS INC,,,False
VSAT,46.58,1670426,VIASAT INC,,,False
LASR,64.32,1659630,NLIGHT INC,,,False
VSH,17.02,1654659,VISHAY INTERTECHNOLOGY INC,,,False
HTFL,24.69,1654209,HEARTFLOW INC,,,False
PPTA,26.46,1653228,PERPETUA RESOURCES CORP,,,False
JBI,5.0,1649954,JANUS INTERNATIONAL GROUP INC,,,False
DK,47.43,1642873,DELEK US HOLDINGS INC,,,False
CSTM,23.37,1641478,CONSTELLIUM SE CLASS A,,,False
CVI,34.83,1638772,CVR ENERGY INC,,,False
IRWD,3.06,1625476,IRONWOOD PHARMA INC CLASS A,,,False
DFTX,17.88,1624375,DEFINIUM THERAPEUTICS INC,,,False
RMBS,89.73,1622819,RAMBUS INC,,,False
SPT,5.53,1622309,SPROUT SOCIAL INC CLASS A,,,False
EFC,11.55,1610265,ELLINGTON FINANCIAL INC,,,False
AMPL,6.41,1610015,AMPLITUDE INC CLASS A,,,False
LMND,60.7,1607935,LEMONADE INC,,,False
VERX,11.34,1605801,VERTEX INC CLASS A,,,False
AROC,35.52,1604122,ARCHROCK INC,,,False
MFA,9.44,1603033,MFA FINANCIAL INC,,,False
GSM,4.3,1593977,FERROGLOBE PLC,,,False
NN,17.87,1593895,NEXTNAV INC,,,False
AMBP,3.94,1590220,ARDAGH METAL PACKAGING SA,,,False
MYGN,4.28,1589898,MYRIAD GENETICS INC,,,False
PAR,12.81,1581919,PAR TECHNOLOGY CORP,,,False
SLNO,30.05,1581521,SOLENO THERAPEUTICS INC,,,False
CNK,28.06,1580083,CINEMARK HOLDINGS INC,,,False
UDMY,4.36,1560257,UDEMY INC,,,False
ACLX,114.57,1547207,ARCELLX INC,,,False
VOYG,22.79,1546501,VOYAGER TECHNOLOGIES INC CLASS A,,,False
WEAV,4.37,1541910,WEAVE COMMUNICATIONS INC,,,False
HP,36.15,1536692,HELMERICH & PAYNE INC,,,False
ARI,10.43,1533210,APOLLO COMMERCIAL REAL ESTATE FINA,,,False
AHCO,11.2,1532045,ADAPTHEALTH CORP,,,False
REPL,7.22,1531976,REPLIMUNE GROUP INC,,,False
AUPH,14.27,1524670,AURINIA PHARMACEUTICALS INC,,,False
CMC,58.28,1521389,COMMERCIAL METALS,,,False
CARS,7.96,1513657,CARS.COM INC,,,False
YSS,21.66,1513007,YORK SPACE SYSTEMS INC,,,False
ALMS,24.8,1511245,ALUMIS INC,,,False
GRPN,10.47,1511030,GROUPON INC,,,False
RLJ,7.48,1508685,RLJ LODGING TRUST REIT,,,False
KALV,19.33,1499299,KALVISTA PHARMACEUTICALS INC,,,False
CMPX,5.21,1498453,COMPASS THERAPEUTICS,,,False
KODK,9.46,1479259,EASTMAN KODAK,,,False
FLYW,11.36,1473911,FLYWIRE CORP,,,False
AVPT,9.44,1472334,AVEPOINT INC CLASS A,,,False
VNDA,6.91,1469153,VANDA PHARMACEUTICALS INC,,,False
SEM,16.29,1464748,SELECT MEDICAL HOLDINGS CORP,,,False
CRNX,33.67,1461610,CRINETICS PHARMACEUTICALS INC,,,False
AQST,4.02,1458757,AQUESTIVE THERAPEUTICS INC,,,False
BNL,18.46,1444160,BROADSTONE NET LEASE INC,,,False
TWST,44.53,1443652,TWIST BIOSCIENCE CORP,,,False
AEVA,12.77,1443444,AEVA TECHNOLOGIES INC,,,False
TRVI,11.33,1436707,TREVI THERAPEUTICS INC,,,False
LAUR,34.78,1429795,LAUREATE EDUCATION INC,,,False
ABEO,4.29,1422148,ABEONA THERAPEUTICS INC,,,False
VTEX,3.83,1420597,VTEX CLASS A,,,False
AEHR,32.52,1413313,AEHR TEST SYSTEMS,,,False
WTTR,15.61,1412700,SELECT WATER SOLUTIONS INC CLASS A,,,False
CBZ,26.13,1404251,CBIZ INC,,,False
NE,49.81,1403374,NOBLE CORPORATION PLC,,,False
FUN,16.6,1401659,SIX FLAGS ENTERTAINMENT CORP,,,False
ESRT,4.96,1400982,EMPIRE STATE REALTY REIT INC TRUST,,,False
UNIT,7.88,1398926,UNITI GROUP INC,,,False
RXO,13.88,1398491,RXO INC,,,False
CATX,4.07,1394366,PERSPECTIVE THERAPEUTICS INC,,,False
SVV,7.13,1393764,SAVERS VALUE VILLAGE INC,,,False
SBH,13.3,1392015,SALLY BEAUTY HOLDINGS INC,,,False
VECO,35.27,1390462,VEECO INSTRUMENTS INC,,,False
ASO,53.51,1381502,ACADEMY SPORTS AND OUTDOORS INC,,,False
PDYN,5.78,1378619,PALLADYNE AI CORP,,,False
BBIO,69.7,1377585,BRIDGEBIO PHARMA INC,,,False
SHO,8.95,1375847,SUNSTONE HOTEL INVESTORS REIT INC,,,False
OPCH,27.27,1375785,OPTION CARE HEALTH INC,,,False
BBBY,4.37,1358461,BED BATH AND BEYOND INC,,,False
PHR,10.98,1353847,PHREESIA INC,,,False
MIAX,37.31,1351534,MIAMI INTERNATIONAL HOLDINGS INC,,,False
ALKT,15.25,1350406,ALKAMI TECHNOLOGY INC,,,False
ARKO,5.46,1347085,ARKO,,,False
EYE,25.14,1337860,NATIONAL VISION HOLDINGS INC,,,False
NEO,7.19,1337691,NEOGENOMICS INC,,,False
VRDN,27.39,1328749,VIRIDIAN THERAPEUTICS ORS INC,,,False
TXNM,58.34,1325893,TXNM ENERGY INC,,,False
KRG,24.15,1322301,KITE REALTY GROUP TRUST REIT,,,False
KURA,7.74,1319925,KURA ONCOLOGY INC,,,False
LGN,54.75,1319419,LEGENCE CORP CLASS A,,,False
GRND,12.44,1317942,GRINDR INC,,,False
ORIC,12.06,1316034,ORIC PHARMACEUTICALS INC,,,False
LION,9.19,1309738,LIONSGATE STUDIOS CORP,,,False
CVBF,18.99,1309477,CVB FINANCIAL CORP,,,False
CRSP,45.75,1305600,CRISPR THERAPEUTICS AG,,,False
XENE,54.48,1304203,XENON PHARMACEUTICALS INC,,,False
CLMT,32.06,1302409,CALUMET INC,,,False
GBTG,5.33,1300684,GLOBAL BUSINESS TRAVEL GROUP INC C,,,False
PGNY,17.27,1297390,PROGYNY INC,,,False
CRSR,5.32,1296406,CORSAIR GAMING INC,,,False
CWK,11.8,1295844,CUSHMAN AND WAKEFIELD LTD,,,False
SFNC,18.96,1295433,SIMMONS FIRST NATIONAL CORP CLASS,,,False
DAN,32.55,1293182,DANA INCORPORATED INC,,,False
IMNM,19.61,1291356,IMMUNOME INC,,,False
SLG,35.33,1290118,SL GREEN REALTY REIT CORP,,,False
BL,36.05,1288121,BLACKLINE INC,,,False
NRIX,14.76,1285646,NURIX THERAPEUTICS INC,,,False
HLX,10.1,1284603,HELIX ENERGY SOLUTIONS GROUP INC,,,False
HNRG,17.57,1282739,HALLADOR ENERGY,,,False
DBI,5.44,1281637,DESIGNER BRANDS INC CLASS A,,,False
ZBIO,18.21,1273890,ZENAS BIOPHARMA INC,,,False
GSAT,64.16,1271124,GLOBALSTAR VOTING INC,,,False
DHC,6.72,1269053,DIVERSIFIED HEALTHCARE TRUST,,,False
MOD,213.96,1267360,MODINE MANUFACTURING,,,False
NVCR,10.97,1263356,NOVOCURE LTD,,,False
HLMN,8.17,1259343,HILLMAN SOLUTIONS CORP,,,False
STGW,6.08,1251445,STAGWELL INC CLASS A,,,False
PRCT,26.36,1249714,PROCEPT BIOROBOTICS CORP,,,False
CRMD,6.71,1249106,CORMEDIX INC,,,False
LC,13.87,1247452,LENDINGCLUB CORP,,,False
AAP,51.57,1247433,ADVANCE AUTO PARTS INC,,,False
IMVT,23.98,1247358,IMMUNOVANT INC,,,False
HOMB,26.43,1245539,HOME BANCSHARES INC,,,False
OLMA,13.67,1243712,OLEMA PHARMACEUTICALS INC,,,False
PRGS,27.67,1243463,PROGRESS SOFTWARE CORP,,,False
XPRO,17.91,1243067,EXPRO GROUP HOLDINGS NV,,,False
ANF,89.13,1240421,ABERCROMBIE AND FITCH CLASS A,,,False
INV,3.8,1240069,INNVENTURE INC,,,False
BETA,14.1,1237960,BETA TECHNOLOGIES INC CLASS A,,,False
SNDX,23.49,1237366,SYNDAX PHARMACEUTICALS INC,,,False
NTGR,21.57,1235356,NETGEAR INC,,,False
BKV,29.94,1234834,BKV CORP,,,False
DNA,5.93,1233338,GINKGO BIOWORKS HOLDINGS INC CLASS,,,False
MRX,42.96,1227187,MAREX GROUP PLC,,,False
NMAX,5.88,1227170,NEWSMAX INC CLASS B,,,False
HPP,5.6,1226457,HUDSON PACIFIC PROPERTIES REIT INC,,,False
STNG,75.71,1224574,SCORPIO TANKERS INC,,,False
ADEA,24.19,1218397,ADEIA INC,,,False
WYFI,10.78,1217384,WHITEFIBER INC,,,False
RPC,6.91,1208129,RIDGEPOST CAPITAL INC CLASS A,,,False
GLUE,15.38,1205360,MONTE ROSA THERAPEUTICS INC,,,False
RPAY,3.06,1204517,REPAY HOLDINGS CORP CLASS A,,,False
SHAK,81.32,1204104,SHAKE SHACK INC CLASS A,,,False
INN,4.25,1202840,SUMMIT HOTEL PROPERTIES REIT INC,,,False
AMLX,13.55,1201409,AMYLYX PHARMACEUTICALS INC,,,False
STKL,6.46,1198971,SUNOPTA INC,,,False
AMSC,33.72,1194716,AMERICAN SUPERCONDUCTOR CORP,,,False
AVAV,184.43,1184318,AEROVIRONMENT INC,,,False
TTI,8.62,1183459,TETRA TECHNOLOGIES INC,,,False
FBP,20.86,1182878,FIRST BANCORP,,,False
PLAB,39.6,1181374,PHOTRONICS INC,,,False
OUT,25.65,1178687,OUTFRONT MEDIA INC,,,False
NNE,20.29,1176463,NANO NUCLEAR ENERGY INC,,,False
DNTH,81.13,1171521,DIANTHUS THERAPEUTICS INC,,,False
JANX,13.18,1165859,JANUX THERAPEUTICS INC,,,False
QTRX,3.58,1161481,QUANTERIX CORP,,,False
PCVX,53.16,1161162,VAXCYTE INC,,,False
STOK,32.85,1160435,STOKE THERAPEUTICS INC,,,False
BRSP,5.51,1159945,BRIGHTSPIRE CAPITAL INC CLASS A,,,False
SFL,10.59,1157646,SFL LTD,,,False
CODI,6.68,1157555,COMPASS DIVERSIFIED,,,False
UBSI,40.36,1153207,UNITED BANKSHARES INC,,,False
CARG,35.01,1152186,CARGURUS INC CLASS A,,,False
FBRT,8.35,1151619,FRANKLIN BSP REALTY TRUST INC,,,False
CBRL,26.74,1151178,CRACKER BARREL OLD COUNTRY STORE I,,,False
CRVS,14.01,1150892,CORVUS PHARMACEUTICALS INC,,,False
DOMO,3.1,1149454,DOMO INC CLASS B,,,False
TEX,56.44,1147474,TEREX CORP,,,False
NABL,4.6,1145535,N ABLE INC,,,False
EXPI,5.99,1144078,EXP WORLD HOLDINGS INC,,,False
ARHS,6.5,1134351,ARHAUS INC CLASS A,,,False
RDN,32.59,1125639,RADIAN GROUP INC,,,False
FDMT,9.33,1122782,4D MOLECULAR THERAPEUTICS INC,,,False
NVRI,18.83,1118685,ENVIRI CORP,,,False
TVTX,27.25,1116811,TRAVERE THERAPEUTICS INC,,,False
AVAH,6.29,1109029,AVEANNA HEALTHCARE HOLDINGS INC,,,False
EXTR,15.26,1105567,EXTREME NETWORKS INC,,,False
MNRO,15.47,1100754,MONRO INC,,,False
MLYS,23.68,1098804,MINERALYS THERAPEUTICS INC,,,False
OPLN,26.75,1098175,OPENLANE INC,,,False
TILE,24.73,1098110,INTERFACE INC,,,False
SKYT,27.0,1094595,SKYWATER TECHNOLOGY INC,,,False
STAA,17.89,1094172,STAAR SURGICAL,,,False
ITRI,85.6,1090517,ITRON INC,,,False
HLF,14.41,1089889,HERBALIFE LTD,,,False
CNR,113.23,1089284,CORE NATURAL RESOURCES INC,,,False
NATL,42.92,1088867,NCR ATLEOS CORP,,,False
RYTM,75.82,1078638,RHYTHM PHARMACEUTICALS INC,,,False
CRC,68.87,1078274,CALIFORNIA RESOURCES CORP,,,False
TMDX,99.05,1076788,TRANSMEDICS GROUP INC,,,False
CADL,4.81,1076760,CANDEL THERAPEUTICS INC,,,False
MC,54.28,1076385,MOELIS CLASS A,,,False
PDM,6.39,1072535,PIEDMONT REALTY TRUST INC CLASS A,,,False
IDYA,30.46,1070577,IDEAYA BIOSCIENCES INC,,,False
RRR,53.89,1069616,RED ROCK RESORTS ORS CLASS A INC,,,False
SHOO,33.11,1059763,STEVEN MADDEN LTD,,,False
CGON,64.62,1059044,CG ONCOLOGY INC,,,False
UCTT,58.87,1050220,ULTRA CLEAN HOLDINGS INC,,,False
YELP,24.36,1049953,YELP INC,,,False
LNTH,74.47,1048186,LANTHEUS HOLDINGS INC,,,False
EAT,133.67,1044633,BRINKER INTERNATIONAL INC,,,False
KGS,58.47,1043681,KODIAK GAS SERVICES INC,,,False
VERA,38.86,1041272,VERA THERAPEUTICS INC CLASS A,,,False
AKR,18.77,1040729,ACADIA REALTY TRUST REIT,,,False
SNEX,78.36,1039187,STONEX GROUP INC,,,False
VAL,102.24,1038765,VALARIS LTD,,,False
ATEN,22.34,1038670,A10 NETWORKS INC,,,False
JACK,9.7,1032940,JACK IN THE BOX INC,,,False
LIF,38.6,1031946,LIFE360 INC,,,False
PRKS,29.73,1031807,UNITED PARKS AND RESORTS INC,,,False
GRNT,5.84,1027960,GRANITE RIDGE RESOURCES INC,,,False
CAKE,54.07,1027616,CHEESECAKE FACTORY INC,,,False
BKKT,7.32,1026743,BAKKT INC CLASS A,,,False
EOLS,4.01,1026313,EVOLUS INC,,,False
ENR,17.01,1026005,ENERGIZER HOLDINGS INC,,,False
SONO,12.7,1024635,SONOS INC,,,False
SGRY,11.49,1020552,SURGERY PARTNERS INC,,,False
PTLO,5.18,1019608,PORTILLO S INC CLASS A,,,False
VSTS,7.71,1018626,VESTIS CORP,,,False
SPIR,12.36,1017661,SPIRE GLOBAL INC CLASS A,,,False
ANGI,6.48,1015302,ANGI INC CLASS A,,,False
PHAT,10.58,1015105,PHATHOM PHARMACEUTICALS INC,,,False
XNCR,11.42,1013265,XENCOR INC,,,False
CAPR,28.9,1013001,CAPRICOR THERAPEUTICS INC,,,False
PRM,21.34,1011857,PERIMETER SOLUTIONS INC,,,False
GTN,4.58,1010837,GRAY MEDIA INC,,,False
AUB,34.79,1008071,ATLANTIC UNION BANKSHARES CORP,,,False
UE,20.0,1004145,URBAN EDGE PROPERTIES,,,False
